Rarity,Chance,Garant
Rare,0.080000,10
Super Rare,0.016000,49200
Epic,0.003200,49840
Mythical,0.000640,49968
Legendary,0.000260,49987
Case,0.099233,
Case Rare,0.100095967,
Case Super Rare,0.0200191934,
Case Epic,0.00400383868,
Case Mythical,0.0008007677361,
Case Legendary,0.0003253118928,
